id,name,read,target,position,sequence,feature_type
LMO1,LMO1_+_8289938.23-P1,R2,GTTTAAGAGCTAAGCTGGAA,-20,GGCCCGGTGCCGGTGCCCGG,CRISPR Direct Capture
LMO1,LMO1_+_8289875.23-P1,R2,GTTTAAGAGCTAAGCTGGAA,-20,GGAGTCCACCCCGCTAGCGG,CRISPR Direct Capture
LMO1,LMO1_+_8285393.23-P2,R2,GTTTAAGAGCTAAGCTGGAA,-20,GGGAGAAAGGCAGCGGGAGA,CRISPR Direct Capture
LMO1,LMO1_-_8284956.23-P2,R2,GTTTAAGAGCTAAGCTGGAA,-20,GCTAGGCTCGGCCGGGAGAA,CRISPR Direct Capture
ARX,ARX_-_25033780.23-P1,R2,GTTTAAGAGCTAAGCTGGAA,-20,GATGCTGTCGATGCAGTAGG,CRISPR Direct Capture
ARX,ARX_+_25034044.23-P1,R2,GTTTAAGAGCTAAGCTGGAA,-20,GCTTGTCCTGAGCGCGGAGA,CRISPR Direct Capture
ARX,ARX_+_25033832.23-P1,R2,GTTTAAGAGCTAAGCTGGAA,-20,GATGAGCAATCAGTACCAGG,CRISPR Direct Capture
non-targeting,non-targeting_TDF,R2,GTTTAAGAGCTAAGCTGGAA,-21,GCGCCAAACGTGCCCTGACGG,CRISPR Direct Capture
non-targeting,non-targeting_00381,R2,GTTTAAGAGCTAAGCTGGAA,-20,GAACGACTTGCGTTCATGCC,CRISPR Direct Capture
non-targeting,non-targeting_00642,R2,GTTTAAGAGCTAAGCTGGAA,-20,GGAGTTAAGGCCTCGTCTAG,CRISPR Direct Capture
non-targeting,non-targeting_00718,R2,GTTTAAGAGCTAAGCTGGAA,-20,GTCCCAGGCTCTCCACTATG,CRISPR Direct Capture
